created_at,status_id,text,source,in_reply_to_status_id,in_reply_to_user_id,in_reply_to_screen_name,is_quote_status,retweet_count,favorite_count,lang,quoted_status_id,user_id,screen_name,mentions_user_id,mentions_screen_name,hashtags,urls,is_retweet,retweet_status_id,place_name,country,coordinates
2016-10-25T13:21:42Z,790906179757150200.0,RT @RLadiesIstanbul: @alice_data @RLadiesGlobal @RLadiesParis @RLadiesLA @RLadiesAU @RLadiesMAD we rock! üéâüëèüèªüôà,Twitter for Mac,NA,NA,NA,FALSE,2,0,en,NA,772203134269653e3,RLadiesMAD,"773118223512403968,474823395,770490229769789440,777930207508434945,770377177296543745,771530276488908800,772203134269652992","RLadiesIstanbul,alice_data,RLadiesGlobal,RLadiesParis,RLadiesLA,RLadiesAU,RLadiesMAD","NA","NA",TRUE,790904395349258240,NA,NA,NA
2016-10-25T13:21:39Z,790906168596127700.0,RT @alice_data: @RLadiesGlobal : Congrats @RLadiesIstanbul @RLadiesParis @RLadiesLA @RLadiesAU @RLadiesMAD for launching this month amazing‚Ä¶,Twitter for Mac,NA,NA,NA,FALSE,1,0,en,NA,772203134269653e3,RLadiesMAD,"474823395,770490229769789440,773118223512403968,777930207508434945,770377177296543745,771530276488908800,772203134269652992","alice_data,RLadiesGlobal,RLadiesIstanbul,RLadiesParis,RLadiesLA,RLadiesAU,RLadiesMAD","NA","NA",TRUE,790903504797831168,NA,NA,NA
2016-10-25T05:10:50Z,790782652047646700.0,"RT @RLadiesGlobal: üá™üá∏@RLadiesMAD has female computer engineers, biochemists, managers, geolocation specialists, CEOs...many levels üò± !! VAM‚Ä¶",Twitter for Android,NA,NA,NA,TRUE,8,0,en,790621013843279900.0,772203134269653e3,RLadiesMAD,"770490229769789440,772203134269652992","RLadiesGlobal,RLadiesMAD","NA","NA",TRUE,790712248104841216,NA,NA,NA
2016-10-24T21:14:57Z,790662888948129800.0,Muchas gracias a todas las asistentes hoy a #RLadiesMad. Sin vosotras no es posible. ¬°Nos vemos en el siguiente!,Twitter for Android,NA,NA,NA,FALSE,3,8,es,NA,772203134269653e3,RLadiesMAD,"NA","NA",RLadiesMad,"NA",FALSE,NA,NA,NA,NA
2016-10-24T20:48:49Z,790656315626520600.0,@APatQuin @emornei muchas gracias!!! Todo un honor https://t.co/4kHRJBm8XF,Twitter for Android,790655138620903400.0,3870688942.0,APatQuin,FALSE,1,3,es,NA,772203134269653e3,RLadiesMAD,"3870688942,2334918061","APatQuin,emornei","NA","NA",FALSE,NA,NA,NA,NA
2016-10-24T20:48:00Z,790656108960575500.0,RT @APatQuin: @nimbusaeta Hasta expertas traductoras #RladiesMAD,Twitter for Android,NA,NA,NA,FALSE,1,0,es,NA,772203134269653e3,RLadiesMAD,"3870688942,8083032","APatQuin,nimbusaeta",RladiesMAD,"NA",TRUE,790654479133732865,NA,NA,NA
2016-10-24T20:47:59Z,790656102249685e3,"RT @nimbusaeta: Tenemos ingenieras inform√°ticas, bioqu√≠micas, gestoras, especialistas en geolocalizaci√≥n, CEOs... mucho nivel üò± #RLadiesMAD",Twitter for Android,NA,NA,NA,FALSE,7,0,es,NA,772203134269653e3,RLadiesMAD,8083032,nimbusaeta,RLadiesMAD,"NA",TRUE,790621013843279872,NA,NA,NA
2016-10-24T20:40:16Z,790654160647647200.0,RT @CampusMadrid: An amazing week for women in tech at Campus! Check the agenda &gt; https://t.co/N70D0uYyOx @LadiesthatUX_MA @RLadiesMAD @The‚Ä¶,Twitter for Android,NA,NA,NA,FALSE,4,0,en,NA,772203134269653e3,RLadiesMAD,"2542067612,2436645541,772203134269652992","CampusMadrid,LadiesthatUX_MA,RLadiesMAD","NA",https://goo.gl/fD4lTN,TRUE,790465518838972416,NA,NA,NA
2016-10-24T20:39:25Z,790653947006558200.0,@emornei claro que s√≠!! Nos vemos pronto!! https://t.co/zlyeyMmj3I,Twitter for Android,790636709981614100.0,2334918061.0,emornei,FALSE,1,3,es,NA,772203134269653e3,RLadiesMAD,2334918061,emornei,"NA","NA",FALSE,NA,NA,NA,NA
2016-10-24T20:38:28Z,790653709676142600.0,@ma_salmon @RLadiesBCN https://t.co/q0qinjbwAE,Twitter for Android,790623360376078300.0,2865404679.0,ma_salmon,FALSE,0,1,und,NA,772203134269653e3,RLadiesMAD,"2865404679,785949670858121217","ma_salmon,RLadiesBCN","NA","NA",FALSE,NA,NA,NA,NA
2016-10-24T20:38:02Z,790653600695480300.0,@ma_salmon @RLadiesBCN me encanta!!!! ‚ù§‚ù§‚ù§,Twitter for Android,790623360376078300.0,2865404679.0,ma_salmon,FALSE,0,1,es,NA,772203134269653e3,RLadiesMAD,"2865404679,785949670858121217","ma_salmon,RLadiesBCN","NA","NA",FALSE,NA,NA,NA,NA
2016-10-24T20:37:26Z,790653447947378700.0,RT @nimbusaeta: Conoci√©ndonos #RLadiesMAD @RLadiesMAD https://t.co/nxVESNRXsF,Twitter for Android,NA,NA,NA,FALSE,8,0,es,NA,772203134269653e3,RLadiesMAD,"8083032,772203134269652992","nimbusaeta,RLadiesMAD",RLadiesMAD,"NA",TRUE,790619864398458880,NA,NA,NA
2016-10-24T20:37:18Z,790653415336644600.0,RT @nimbusaeta: Empezando #RLadiesMAD @Chucheria @RLadiesMAD @CampusMadrid https://t.co/8Z1hoMTd2n,Twitter for Android,NA,NA,NA,FALSE,4,0,es,NA,772203134269653e3,RLadiesMAD,"8083032,8081312,772203134269652992,2542067612","nimbusaeta,Chucheria,RLadiesMAD,CampusMadrid",RLadiesMAD,"NA",TRUE,790616127034589184,NA,NA,NA
2016-10-24T20:37:13Z,790653395266920400.0,RT @Laurych83: Disfrutando del primer evento de @RLadiesMAD üòäüòäüòä https://t.co/jMkU4Quyoy,Twitter for Android,NA,NA,NA,FALSE,5,0,es,NA,772203134269653e3,RLadiesMAD,"91860794,772203134269652992","Laurych83,RLadiesMAD","NA","NA",TRUE,790613561097777152,NA,NA,NA
2016-10-24T20:37:10Z,790653382520438800.0,RT @nimbusaeta: ¬°Ya estamos en @CampusMadrid preparando #RLadiesMAD! @RLadiesMAD @Chucheria https://t.co/hVv6Hr8yow,Twitter for Android,NA,NA,NA,FALSE,5,0,es,NA,772203134269653e3,RLadiesMAD,"8083032,2542067612,772203134269652992,8081312","nimbusaeta,CampusMadrid,RLadiesMAD,Chucheria",RLadiesMAD,https://www.instagram.com/p/BL9DpOZgQ4O/,TRUE,790606576281325568,NA,NA,NA
2016-10-24T20:37:08Z,790653375469723600.0,RT @claudiaguirao: En el meetup de @RLadiesMAD üòÄ https://t.co/i6fn8yides,Twitter for Android,NA,NA,NA,FALSE,1,0,es,NA,772203134269653e3,RLadiesMAD,"179445971,772203134269652992","claudiaguirao,RLadiesMAD","NA","NA",TRUE,790611900103004160,NA,NA,NA
2016-10-24T20:36:40Z,790653255189729300.0,All the R-Ladies!üëè #rladiesmad https://t.co/BkLVQmnKab,Twitter for Android,NA,NA,NA,FALSE,8,13,en,NA,772203134269653e3,RLadiesMAD,"NA","NA",rladiesmad,https://www.instagram.com/p/BL9We3AB8Rs/,FALSE,NA,NA,NA,NA
2016-10-24T13:30:10Z,790545924909039600.0,"Al final no tendremos pizza (sorry!) pero habr√° tortilla, ni tan mal!",Twitter for Mac,NA,NA,NA,FALSE,0,3,es,NA,772203134269653e3,RLadiesMAD,"NA","NA","NA","NA",FALSE,NA,NA,NA,NA
2016-10-24T09:35:11Z,790486788385148900.0,RT @Laurych83: @RLadiesMAD Hoy es el d√≠a! Nos vemos en unas horas :) con @AnahiMartin_,Twitter for Mac,NA,NA,NA,FALSE,2,0,es,NA,772203134269653e3,RLadiesMAD,"91860794,772203134269652992,3147598259","Laurych83,RLadiesMAD,AnahiMartin_","NA","NA",TRUE,790486561603391488,NA,NA,NA
2016-10-24T09:34:17Z,7.9048656046250394e+017,Nos vemos esta noche en @CampusMadrid!! https://t.co/efHDelrsfn,Twitter for Mac,NA,NA,NA,FALSE,0,3,es,NA,772203134269653e3,RLadiesMAD,2542067612,CampusMadrid,"NA",https://www.meetup.com/es-ES/rladies-mad/events/233829731/,FALSE,NA,NA,NA,NA
2016-10-24T08:28:00Z,790469882806669300.0,RT @RLadiesBCN: We're preparing the first #RLadiesBCN event in Barcelona. Soon we'll share the meetup link. Save the date! (21th November)‚Ä¶,Twitter for Mac,NA,NA,NA,FALSE,14,0,en,NA,772203134269653e3,RLadiesMAD,785949670858121217,RLadiesBCN,RLadiesBCN,"NA",TRUE,789496726898012160,NA,NA,NA
2016-10-22T14:58:59Z,789843499059441700.0,"Ya tenemos las pegatinas, los flyers y terminamos de preparar el tema del lunes! https://t.co/5c6XNqCwUP",Twitter for Mac,NA,NA,NA,FALSE,1,5,es,NA,772203134269653e3,RLadiesMAD,"NA","NA","NA","NA",FALSE,NA,NA,NA,NA
2016-10-22T07:34:16Z,789731583104282600.0,RT @RLadiesAU: Check this out! @RWomenTaskforce @RLadiesGlobal Our first meetup is now on YouTube! https://t.co/USEYco78dM Thanks to @buzzc‚Ä¶,Twitter for Android,NA,NA,NA,FALSE,5,0,en,NA,772203134269653e3,RLadiesMAD,"771530276488908800,717312300529618945,770490229769789440","RLadiesAU,RWomenTaskforce,RLadiesGlobal","NA",https://www.youtube.com/watch?v=TgulwLUhH54,TRUE,789679841851248640,NA,NA,NA
2016-10-21T20:58:36Z,789571613549355e3,"RT @LucyStats: Look at all of these positive words coming from the #WSDS2016 hashtag {love, supporting, cool} üëØ #tidytext #rstats https://t‚Ä¶",Twitter for Android,NA,NA,NA,FALSE,22,0,en,NA,772203134269653e3,RLadiesMAD,1851554534,LucyStats,"WSDS2016,tidytext,rstats","NA",TRUE,789555159261179905,NA,NA,NA
2016-10-21T20:58:10Z,789571501951443e3,@ma_salmon @RLadiesBCN jajajajaja https://t.co/himCFpiU5R,Twitter for Android,789510920066203600.0,2865404679.0,ma_salmon,FALSE,0,1,es,NA,772203134269653e3,RLadiesMAD,"2865404679,785949670858121217","ma_salmon,RLadiesBCN","NA","NA",FALSE,NA,NA,NA,NA
2016-10-21T20:55:07Z,789570734343462900.0,#RLadiesBCN!!!!! ‚ù§‚ù§‚ù§‚ù§ https://t.co/VupzsmnasR,Twitter for Android,NA,NA,NA,TRUE,0,2,und,789509939853201400.0,772203134269653e3,RLadiesMAD,"NA","NA",RLadiesBCN,https://twitter.com/RLadiesBCN/status/789509939853201408,FALSE,NA,NA,NA,NA
2016-10-21T12:02:33Z,789436710908207100.0,RT @RLadiesGlobal: Announcing our SECOND #RLadies chapter in TURKEY üáπüá∑@RLadiesIzmir!! Merhaba! https://t.co/fTNCMslxLj P.S does YOUR city h‚Ä¶,Twitter for Mac,NA,NA,NA,FALSE,14,0,en,NA,772203134269653e3,RLadiesMAD,"770490229769789440,788647266059943936","RLadiesGlobal,RLadiesIzmir",RLadies,https://www.meetup.com/R-Ladies-%C4%B0zmiR/,TRUE,789433390319726592,NA,NA,NA
2016-10-20T21:22:27Z,789215227145584600.0,"RT @revodavid: Find R code for hundreds of #dataviz, data art, and this BB-8 at the new R Graph Gallery https://t.co/dKSG5Bbw6P #rstats htt‚Ä¶",Twitter for Android,NA,NA,NA,FALSE,92,0,en,NA,772203134269653e3,RLadiesMAD,34677653,revodavid,"dataviz,rstats",http://blog.revolutionanalytics.com/2016/10/the-r-graph-gallery-is-back.html,TRUE,789214394978676736,NA,NA,NA
2016-10-20T13:49:06Z,789101137861414900.0,RT @hfcfrick: Worth the read #womenintech #RLadies https://t.co/dUikIAvyWu,Twitter for Mac,NA,NA,NA,TRUE,2,0,en,788420315290345500.0,772203134269653e3,RLadiesMAD,3959153969,hfcfrick,"womenintech,RLadies",https://twitter.com/sarahmei/status/788420315290345472,TRUE,789099944821067777,NA,NA,NA
2016-10-20T06:15:58Z,788987101396205600.0,"Llevamos una semana a tope con c√≥digo, la presentaci√≥n del lunes y los goodies. Chicas, nos vemos el lunes! https://t.co/L4FlwFCN3g",Twitter for Android,NA,NA,NA,FALSE,0,3,es,NA,772203134269653e3,RLadiesMAD,"NA","NA","NA","NA",FALSE,NA,NA,NA,NA
2016-10-18T12:25:51Z,788355409383940100.0,RT @RLadiesGlobal: OMG @RLadiesAU have NAILED the official #RLadies Launch Event WITH THIS AMAZING SPECIALLY MADE CAKE!!üç∞ The refreshment b‚Ä¶,Twitter for Mac,NA,NA,NA,TRUE,4,0,en,788302177680883700.0,772203134269653e3,RLadiesMAD,"770490229769789440,771530276488908800","RLadiesGlobal,RLadiesAU",RLadies,"NA",TRUE,788352929459793920,NA,NA,NA
2016-10-18T10:54:04Z,788332312614301700.0,#wisibilizalas,Twitter for Mac,788332228862472200.0,772203134269653e3,RLadiesMAD,FALSE,0,1,und,NA,772203134269653e3,RLadiesMAD,"NA","NA",wisibilizalas,"NA",FALSE,NA,NA,NA,NA
2016-10-18T10:53:44Z,788332228862472200.0,Women in STEM‚ù§Ô∏è! All the #RLadies @RLadiesLA @RLadiesRTP @RLadiesNYC @RLadiesAU @RLadiesColumbus @RLadiesTC,Twitter for Mac,788331969809711100.0,772203134269653e3,RLadiesMAD,FALSE,1,3,en,NA,772203134269653e3,RLadiesMAD,"770377177296543745,747584164245864448,771203524872908800,771530276488908800,783366686833606656,3139240146","RLadiesLA,RLadiesRTP,RLadiesNYC,RLadiesAU,RLadiesColumbus,RLadiesTC",RLadies,"NA",FALSE,NA,NA,NA,NA
2016-10-18T10:52:42Z,788331969809711100.0,Women in STEM‚ù§Ô∏è! All the #RLadies! @RLadiesGlobal @RLadiesIstanbul @RLadiesLondon @RLadiesNash  @RLadiesBerlin @RLadiesBoston @RLadiesSF,Twitter for Mac,NA,NA,NA,FALSE,5,9,en,NA,772203134269653e3,RLadiesMAD,"770490229769789440,773118223512403968,722588617231769601,781271660766851072,783014080395276288,772948414501969920,881530736","RLadiesGlobal,RLadiesIstanbul,RLadiesLondon,RLadiesNash,RLadiesBerlin,RLadiesBoston,RLadiesSF",RLadies,"NA",FALSE,NA,NA,NA,NA
2016-10-18T10:21:18Z,788324065606074400.0,RT @Chucheria: Women in STEM‚ù§Ô∏è!#wisibilizalas: @nabaroa @AnalyticsPanda @Linkita @hekubita,Twitter for Mac,NA,NA,NA,FALSE,2,0,en,NA,772203134269653e3,RLadiesMAD,"8081312,423563078,4002309269,6110482,227723909","Chucheria,nabaroa,AnalyticsPanda,Linkita,hekubita",wisibilizalas,"NA",TRUE,788322388190564356,NA,NA,NA
2016-10-18T10:21:13Z,788324046068813800.0,RT @Chucheria: Women in STEM‚ù§Ô∏è!#wisibilizalas: @Rebitt @DrScranto @gdequeiroz @pageinini @ma_salmon @hfcfrick @ledell @ZofiatheWitch @maria‚Ä¶,Twitter for Mac,NA,NA,NA,FALSE,3,0,en,NA,772203134269653e3,RLadiesMAD,"8081312,24431006,2687723826,16284661,2792512074,2865404679,3959153969,21828411,1701823658","Chucheria,Rebitt,DrScranto,gdequeiroz,pageinini,ma_salmon,hfcfrick,ledell,ZofiatheWitch",wisibilizalas,"NA",TRUE,788321888674144256,NA,NA,NA
2016-10-18T10:20:54Z,788323964405809200.0,"RT @nabaroa: Para las que no sab√©is de qu√© va esto: #wisibilizalas @wisibilizalas 
Women in STEM‚ù§Ô∏è ! https://t.co/GdwZebpYom",Twitter for Mac,NA,NA,NA,TRUE,6,0,es,788307480346497e3,772203134269653e3,RLadiesMAD,"423563078,782162903952678913","nabaroa,wisibilizalas",wisibilizalas,https://twitter.com/nabaroa/status/788307480346497024,TRUE,788322777497501696,NA,NA,NA
2016-10-18T09:15:57Z,788307620838969300.0,"RT @RoxaneLegaie: Goknur, founder of @RLadiesAU, introducing our group's history and aim to an audience of &gt;100 people! @RLadiesGlobal http‚Ä¶",Twitter for Mac,NA,NA,NA,FALSE,11,0,en,NA,772203134269653e3,RLadiesMAD,"3186534415,771530276488908800,770490229769789440","RoxaneLegaie,RLadiesAU,RLadiesGlobal","NA","NA",TRUE,788286327943008256,NA,NA,NA
2016-10-18T08:07:36Z,788290419067093e3,RT @SoroorHediyeh: Fantastic turnout at R-ladies opening @RLadiesAU @RLadiesGlobal #RLadiesMelbLaunch https://t.co/5x632xVe1V,Twitter for Mac,NA,NA,NA,FALSE,4,0,en,NA,772203134269653e3,RLadiesMAD,"2289169778,771530276488908800,770490229769789440","SoroorHediyeh,RLadiesAU,RLadiesGlobal",RLadiesMelbLaunch,"NA",TRUE,788284618378063872,NA,NA,NA
2016-10-18T08:07:30Z,788290395000176600.0,RT @S_Foroutan: VERY excited to start our very first @RLadiesAU meeting. Many lovely ladies and some supportive guys. Yayyy @RLadiesGlobal‚Ä¶,Twitter for Mac,NA,NA,NA,FALSE,8,0,en,NA,772203134269653e3,RLadiesMAD,"2913267409,771530276488908800,770490229769789440","S_Foroutan,RLadiesAU,RLadiesGlobal","NA","NA",TRUE,788284434738917377,NA,NA,NA
2016-10-17T09:26:33Z,787947901980901400.0,¬°Y no olvid√©is rellenar la encuesta! As√≠ podremos ofrecer cosas que nos interesen a todas https://t.co/AHt5uhIfA4 https://t.co/SJR21JvWLN,Twitter for Mac,NA,NA,NA,FALSE,0,0,es,NA,772203134269653e3,RLadiesMAD,"NA","NA","NA",https://r-ladiesmad.typeform.com/to/dGf4OR,FALSE,NA,NA,NA,NA
2016-10-17T09:21:08Z,787946536537817100.0,"¬°Una semana para #RLadiesMAD! ¬°Venga, apuntarse! https://t.co/efHDelrsfn",Twitter for Mac,NA,NA,NA,FALSE,0,2,es,NA,772203134269653e3,RLadiesMAD,"NA","NA",RLadiesMAD,https://www.meetup.com/es-ES/rladies-mad/events/233829731/,FALSE,NA,NA,NA,NA
2016-10-14T18:18:41Z,786994650817134600.0,Tilegrams en R https://t.co/wGJbjCivph por @bhaskar_vk,Twitter for Mac,NA,NA,NA,FALSE,1,1,es,NA,772203134269653e3,RLadiesMAD,577250082,bhaskar_vk,"NA",http://rpubs.com/bhaskarvk/tilegramsR,FALSE,NA,NA,NA,NA
2016-10-14T06:34:49Z,786817518996303900.0,RT @davidmeza1: Another can't miss session. Tidy text is awesome https://t.co/3iq00GGEqu,Twitter for Mac,NA,NA,NA,TRUE,1,0,en,78669515458125e4,772203134269653e3,RLadiesMAD,26155124,davidmeza1,"NA",https://twitter.com/juliasilge/status/786695154581250049,TRUE,786702016223571968,NA,NA,NA
2016-10-14T06:34:27Z,786817426058989600.0,En #RLadiesMAD tambi√©n iremos con la popular pizza! üôåüèª https://t.co/n1pzEH3joB,Twitter for Mac,NA,NA,NA,TRUE,0,2,es,786720007837274100.0,772203134269653e3,RLadiesMAD,"NA","NA",RLadiesMAD,https://twitter.com/rladiesboston/status/786720007837274112,FALSE,NA,NA,NA,NA
2016-10-14T06:32:22Z,786816901666123800.0,RT @RLadiesBoston: Welcome to R-Ladies Boston! https://t.co/459kXUgbD0,Twitter for Mac,NA,NA,NA,FALSE,7,0,en,NA,772203134269653e3,RLadiesMAD,772948414501969920,RLadiesBoston,"NA","NA",TRUE,786720619496779776,NA,NA,NA
2016-10-14T06:31:50Z,786816767817506800.0,RT @RLadiesSF: And we are live! https://t.co/GmT6vfWogJ? #RLadies,Twitter for Mac,NA,NA,NA,FALSE,5,0,en,NA,772203134269653e3,RLadiesMAD,881530736,RLadiesSF,RLadies,https://www.periscope.tv/RLadiesSF/1vOxweLpbgdGB,TRUE,786745990652923908,NA,NA,NA
2016-10-14T06:31:18Z,786816635680141300.0,Anoche muchas #RLadies estuvieron d√°ndole muy duro a las conferencias en EEUU https://t.co/2sscJMxciS,Twitter for Mac,NA,NA,NA,FALSE,1,1,es,NA,772203134269653e3,RLadiesMAD,"NA","NA",RLadies,"NA",FALSE,NA,NA,NA,NA
2016-10-12T16:09:47Z,786237436150030300.0,@expectapatronum @rladiesglobal @alice_data @rladiesberlin @rladiesparis you can always start one chapter yourself! :),Twitter for Mac,786177377059631100.0,353520778.0,ExpectAPatronum,FALSE,0,2,en,NA,772203134269653e3,RLadiesMAD,"353520778,770490229769789440,474823395,783014080395276288,777930207508434945","ExpectAPatronum,RLadiesGlobal,alice_data,RLadiesBerlin,RLadiesParis","NA","NA",FALSE,NA,NA,NA,NA
2016-10-12T11:04:07Z,786160515068338200.0,RT @RLadiesGlobal: @alice_data the leaflet map is getting CROWDED!! Can't even tag all the #RLadies groups either!! #rstats #FirstWorldProb‚Ä¶,Twitter for Mac,NA,NA,NA,FALSE,9,0,en,NA,772203134269653e3,RLadiesMAD,"770490229769789440,474823395","RLadiesGlobal,alice_data","RLadies,rstats","NA",TRUE,786160018814971905,NA,NA,NA
2016-10-12T09:45:54Z,786140831866613800.0,‚ÄúUsing googlesheets and mailR packages in R to automate reporting‚Äù by @AirbnbEng https://t.co/BDnxVlMMRG,Twitter for Mac,NA,NA,NA,FALSE,0,2,en,NA,772203134269653e3,RLadiesMAD,838673862,AirbnbEng,"NA",https://medium.com/airbnb-engineering/using-googlesheets-and-mailr-packages-in-r-to-automate-reporting-c09579e0377f#.ts60ujdi8,FALSE,NA,NA,NA,NA
2016-10-12T09:13:38Z,786132712251879400.0,Mastering Software Development in R - Coursera Specialization https://t.co/mKH5Ueu7QN,Twitter for Mac,NA,NA,NA,FALSE,3,5,en,NA,772203134269653e3,RLadiesMAD,"NA","NA","NA",http://simplystats.github.io/2016/09/19/msdr-launch-announcement/,FALSE,NA,NA,NA,NA
2016-10-11T18:26:55Z,785909561047781400.0,RT @potch: HOT TAKE: use tools that match how your mind thinks and make you more productive so you can get back to making things which is n‚Ä¶,Twitter for Android,NA,NA,NA,FALSE,4,0,en,NA,772203134269653e3,RLadiesMAD,15334840,potch,"NA","NA",TRUE,785903626602459136,NA,NA,NA
2016-10-11T12:22:42Z,785817904315072500.0,¬°No olvid√©is contestar a la primera encuesta de #RLadiesMAD! ¬°Ya no queda nada! https://t.co/sDNlExDihx https://t.co/QOXOpKbkpV,Twitter for Mac,NA,NA,NA,FALSE,3,1,es,NA,772203134269653e3,RLadiesMAD,"NA","NA",RLadiesMAD,https://r-ladies.typeform.com/to/dGf4OR,FALSE,NA,NA,NA,NA
2016-10-10T21:20:27Z,785590842178273300.0,¬°Muchas gracias a las primeras R-Ladies por contestar la encuesta! ¬°Est√°n saliendo cosas muy interesantes!,Twitter for Mac,NA,NA,NA,FALSE,0,2,es,NA,772203134269653e3,RLadiesMAD,"NA","NA","NA","NA",FALSE,NA,NA,NA,NA
2016-10-10T20:01:01Z,785570854277095400.0,¬°Hola! Se acerca nuestro primer #RLadiesMAD. Hemos creado una encuesta para saber m√°s de las interesadas en venir! https://t.co/ZOJ2LEp4qU,Twitter for Mac,NA,NA,NA,FALSE,2,1,es,NA,772203134269653e3,RLadiesMAD,"NA","NA",RLadiesMAD,https://chucheria.typeform.com/to/dGf4OR,FALSE,NA,NA,NA,NA
2016-10-10T18:15:25Z,785544280509190100.0,RT @RLadiesSF: Do you use #rstats? We are looking for speakers to present at @RLadiesSF (https://t.co/D4QpSFKDMJ)! Please email us: sf@rlad‚Ä¶,Twitter for Android,NA,NA,NA,FALSE,7,0,en,NA,772203134269653e3,RLadiesMAD,"881530736,881530736","RLadiesSF,RLadiesSF",rstats,http://www.meetup.com/rladies-san-francisco/,TRUE,785534122835972096,NA,NA,NA
2016-10-10T10:46:09Z,785431218682732500.0,¬øHab√©is visto que #rladies es morado? https://t.co/4fK5JUIWCD #purple,Twitter for Mac,NA,NA,NA,FALSE,1,2,es,NA,772203134269653e3,RLadiesMAD,"NA","NA","rladies,purple",http://rladies.org,FALSE,NA,NA,NA,NA
2016-10-09T21:15:49Z,785227289948741600.0,"RT @nimbusaeta: Es una pena que no haya para aprender R en @Codecademy, pero ¬°ey! existe @swirlstats :) https://t.co/QLauE7T8WW",Twitter for Android,NA,NA,NA,FALSE,2,0,es,NA,772203134269653e3,RLadiesMAD,"8083032,354847710,2467790713","nimbusaeta,Codecademy,swirlstats","NA",http://swirlstats.com/,TRUE,785223646281396224,NA,NA,NA
2016-10-06T21:28:15Z,784143255105572900.0,RT @MicrosoftR: Are you a woman programming in #R looking for help to support your group? Check out Women in R Taskforce: https://t.co/74ti‚Ä¶,Twitter for Android,NA,NA,NA,FALSE,16,0,en,NA,772203134269653e3,RLadiesMAD,25213966,MicrosoftR,R,"NA",TRUE,784128776485662724,NA,NA,NA
2016-10-05T18:58:31Z,783743186334261200.0,RT @egyp7: Don't ask women to present at your conference about being a woman. Ask them to present the cool work they're doing. https://t.co‚Ä¶,Twitter for Mac,NA,NA,NA,TRUE,430,0,en,781502768561270800.0,772203134269653e3,RLadiesMAD,16957326,egyp7,"NA","NA",TRUE,781603238957178881,NA,NA,NA
2016-10-05T10:11:52Z,783610648831885300.0,"RT @RLadiesLondon: Plus double standards for promotion for females vs males, unwillingness to recruit/invest for fear of maternity leave, s‚Ä¶",Twitter for Mac,NA,NA,NA,TRUE,5,0,en,783459952278908900.0,772203134269653e3,RLadiesMAD,722588617231769601,RLadiesLondon,"NA","NA",TRUE,783610481009369088,NA,NA,NA
2016-10-05T07:43:28Z,783573303495622700.0,El d√≠a 24 estar√© todo el d√≠a en @CampusMadrid. Primero los Data Science Awards y luego la primera reuni√≥n de #RLadies!,Twitter for Mac,NA,NA,NA,FALSE,1,3,es,NA,772203134269653e3,RLadiesMAD,2542067612,CampusMadrid,RLadies,"NA",FALSE,NA,NA,NA,NA
2016-10-05T05:08:42Z,78353435586816e4,Esto es motivaci√≥n!!! https://t.co/AKWqBd8cgB,Twitter for Android,NA,NA,NA,TRUE,0,1,es,783501164729999400.0,772203134269653e3,RLadiesMAD,"NA","NA","NA",https://twitter.com/davidmeza1/status/783501164729999360,FALSE,NA,NA,NA,NA
2016-10-05T05:08:06Z,783534206924296200.0,RT @RLadiesGlobal: Interested in starting an #RLadies meetup in your city?  We'd love to help!  Send us an email at info@rladies.org to get‚Ä¶,Twitter for Android,NA,NA,NA,FALSE,48,0,en,NA,772203134269653e3,RLadiesMAD,770490229769789440,RLadiesGlobal,RLadies,"NA",TRUE,770662914365808640,NA,NA,NA
2016-10-05T05:07:14Z,783533987784458200.0,"RT @ACFlippo: Join us! 1st R-Ladies meetup in L.A. where I'll talk about video view predictions @RLadiesLA #DataScience
https://t.co/xIppdN‚Ä¶",Twitter for Android,NA,NA,NA,FALSE,2,0,en,NA,772203134269653e3,RLadiesMAD,"2377892316,770377177296543745","ACFlippo,RLadiesLA",DataScience,"NA",TRUE,783357468529176576,NA,NA,NA
2016-10-04T19:30:03Z,783388733806641200.0,RT @USembassyMadrid: A las 21:45 hablamos del programa de tecnolog√≠a para ni√±as #GirlsTech en @Estartapeando  @RBernardoG  @La_SER   @Mujer‚Ä¶,Twitter for Android,NA,NA,NA,FALSE,8,0,es,NA,772203134269653e3,RLadiesMAD,"47616071,3288512896,222773717,43910684","USembassyMadrid,Estartapeando,RBernardoG,La_SER",GirlsTech,"NA",TRUE,783383775484968960,NA,NA,NA
2016-10-03T22:02:33Z,783064723231215600.0,RT @RLadiesNash: Interested in being part of R-Ladies Nashville? We'd love your input! Fill out our kickoff survey: https://t.co/tA6QfT5lHE‚Ä¶,Twitter for Android,NA,NA,NA,FALSE,6,0,en,NA,772203134269653e3,RLadiesMAD,781271660766851072,RLadiesNash,"NA",https://is.gd/rladies_nashville_kickoff,TRUE,783047194630815748,NA,NA,NA
2016-10-03T22:02:12Z,783064634538520600.0,@RLadiesLondon ha tenido hoy una charla a tope de nivel! El creador de caret ha estado esta tarde con estas se√±orit‚Ä¶ https://t.co/eQK7GvC0qP,Twitter for Android,NA,722588617231769600.0,RLadiesLondon,TRUE,1,1,es,783062029313736700.0,772203134269653e3,RLadiesMAD,722588617231769601,RLadiesLondon,"NA",https://twitter.com/i/web/status/783064634538520576,FALSE,NA,NA,NA,NA
2016-10-03T21:59:42Z,783064008345649200.0,No tengo nada m√°s que pedir si @ladybenko puede ser mi mentora! https://t.co/pqBDGr2Htc,Twitter for Android,NA,NA,NA,TRUE,0,0,es,782993981042987e3,772203134269653e3,RLadiesMAD,7155842,ladybenko,"NA",https://twitter.com/ladybenko/status/782993981042987012?s=09,FALSE,NA,NA,NA,NA
2016-10-03T21:58:19Z,783063660356898800.0,"RT @ladybenko: ¬øTe llaman el front-end, los juegos HTML5, hablar en p√∫blico‚Ä¶? Estoy disponible para una mentor√≠a https://t.co/fh59VKvQdK (R‚Ä¶",Twitter for Android,NA,NA,NA,FALSE,126,0,es,NA,772203134269653e3,RLadiesMAD,7155842,ladybenko,"NA",https://gist.github.com/belen-albeza/e7b9ffe03986bd4350a5b00781422753,TRUE,782993981042987012,NA,NA,NA
2016-10-01T20:58:38Z,782323864361721900.0,RT @StationCDRKelly: This was my view last October during my #YearInSpace. Like being on Earth but miss the view. https://t.co/0srPEhp8dE,Twitter for Android,NA,NA,NA,FALSE,2273,0,en,NA,772203134269653e3,RLadiesMAD,65647594,StationCDRKelly,YearInSpace,"NA",TRUE,782300536452313088,NA,NA,NA
2016-10-01T20:58:24Z,782323802621505500.0,RT @RLadiesLA: We're going legit! Our first meetup is scheduled for Saturday 10/15 afternoon at 1pm at UCLA. RSVP here: https://t.co/CY10SM‚Ä¶,Twitter for Android,NA,NA,NA,FALSE,7,0,en,NA,772203134269653e3,RLadiesMAD,770377177296543745,RLadiesLA,"NA","NA",TRUE,782322185905975296,NA,NA,NA
2016-10-01T10:22:12Z,782163699889037300.0,Como se lo pasan en @RLadiesIstanbul!!! https://t.co/V77dEbpWT3,Twitter for Android,NA,NA,NA,TRUE,0,2,es,782151953342144500.0,772203134269653e3,RLadiesMAD,773118223512403968,RLadiesIstanbul,"NA",https://twitter.com/ZofiatheWitch/status/782151953342144512,FALSE,NA,NA,NA,NA
2016-10-01T10:19:39Z,782163058022084600.0,RT @RLadiesIstanbul: Deneme 1..2.. / 1..2// Is this thing on? üéàüéâüôåüèª @RLadiesGlobal ü§òüèª https://t.co/0tATDe1D4r,Twitter for Android,NA,NA,NA,FALSE,3,0,en,NA,772203134269653e3,RLadiesMAD,"773118223512403968,770490229769789440","RLadiesIstanbul,RLadiesGlobal","NA","NA",TRUE,782146589750099968,NA,NA,NA
2016-09-30T21:07:54Z,781963807019106300.0,RT @revodavid: Supporting gender diversity in the R Community: @RLadiesGlobal and the Women in R Taskforce: https://t.co/Tj38dN2HMc #rstats‚Ä¶,Twitter for Android,NA,NA,NA,FALSE,63,0,en,NA,772203134269653e3,RLadiesMAD,"34677653,770490229769789440","revodavid,RLadiesGlobal",rstats,http://blog.revolutionanalytics.com/2016/09/all-the-r-ladies.html,TRUE,781926437737500672,NA,NA,NA
2016-09-29T13:34:01Z,781487197107130400.0,RT @rasbt: rstudio/tensorflow: TensorFlow for R just came out (https://t.co/7evV59WSRI); coinc. I just mentioned in my talk yesterday and n‚Ä¶,Twitter for Mac,NA,NA,NA,FALSE,148,0,en,NA,772203134269653e3,RLadiesMAD,865622395,rasbt,"NA",https://github.com/rstudio/tensorflow,TRUE,781323271895744512,NA,NA,NA
2016-09-29T13:33:09Z,781486977212411900.0,RT @ClaraGrima: Con el hashtag #ponlescara se trata de visibilizar a mujeres cient√≠ficas de nuestro pa√≠s :),Twitter for Mac,NA,NA,NA,FALSE,105,0,es,NA,772203134269653e3,RLadiesMAD,108099486,ClaraGrima,ponlescara,"NA",TRUE,781480677673930752,NA,NA,NA
2016-09-28T13:38:57Z,781126050294206500.0,Somos casi 100 R-Ladies en Madrid!! A qu√© esperas para unirte y que nos conozcamos? https://t.co/YE9s9YZPF7,Twitter for Mac,NA,NA,NA,FALSE,3,1,es,NA,772203134269653e3,RLadiesMAD,"NA","NA","NA",https://www.meetup.com/es-ES/rladies-mad/,FALSE,NA,NA,NA,NA
2016-09-28T09:22:59Z,781061635221979100.0,Esto mola MIL https://t.co/19y6TJrzsY,Twitter for Mac,NA,NA,NA,TRUE,0,0,es,780884526532735e3,772203134269653e3,RLadiesMAD,"NA","NA","NA",https://twitter.com/jakevdp/status/780884526532734976,FALSE,NA,NA,NA,NA
2016-09-28T09:21:33Z,781061274390200300.0,RT @RLadiesParis: Just one week until the first #RLadies Paris meeting! Check out the meet-up and survey. https://t.co/4nmlkrnetm https://t‚Ä¶,Twitter for Mac,NA,NA,NA,FALSE,6,0,en,NA,772203134269653e3,RLadiesMAD,777930207508434945,RLadiesParis,RLadies,http://bit.ly/2d8Nf4g,TRUE,781058395541495808,NA,NA,NA
2016-09-27T07:23:17Z,780669123470757900.0,RT @RLadiesGlobal: Ladies who R!! Why not submit an abstract for #EARL2016 Boston? Share your awesome #rstats with the community! üá∫üá∏ @RLadi‚Ä¶,Twitter for Mac,NA,NA,NA,TRUE,15,0,en,780461690735370200.0,772203134269653e3,RLadiesMAD,770490229769789440,RLadiesGlobal,"EARL2016,rstats","NA",TRUE,780496090965614596,NA,NA,NA
2016-09-26T18:03:39Z,780467886590685200.0,"RT @gloom303: The Internet Archive just put 10,000 Amiga games online, to play for free in your browser: https://t.co/6ifLwNMRhC https://t.‚Ä¶",Twitter for Android,NA,NA,NA,FALSE,703,0,en,NA,772203134269653e3,RLadiesMAD,14844367,gloom303,"NA",https://archive.org/details/softwarelibrary_amiga#,TRUE,762929513122631680,NA,NA,NA
2016-09-26T15:05:12Z,780422978098135e3,We have created a site for female R-speakers! https://t.co/dvcG69p8bD Submit your info to complete de list!,Twitter for Mac,NA,NA,NA,FALSE,0,1,en,NA,772203134269653e3,RLadiesMAD,"NA","NA","NA",https://rladies.org/speakers/,FALSE,NA,NA,NA,NA
2016-09-26T15:02:57Z,780422414605885400.0,"Aprovecho para promocionar el listing de ponentes femeninas de R. Si eres mujer, hablas sobre R, ¬øa qu√© esperas? https://t.co/dvcG69p8bD",Twitter for Mac,NA,NA,NA,FALSE,0,0,es,NA,772203134269653e3,RLadiesMAD,"NA","NA","NA",https://rladies.org/speakers/,FALSE,NA,NA,NA,NA
2016-09-26T14:44:15Z,780417709062385700.0,"Incre√≠ble lo que est√° teniendo que aguantar @ladybenko. Para algunas, por desgracia, el pan de cada d√≠a! https://t.co/uHGdaAFcaD",Twitter for Mac,779414936388853800.0,7155842.0,ladybenko,TRUE,0,1,es,779414936388853800.0,772203134269653e3,RLadiesMAD,7155842,ladybenko,"NA",https://twitter.com/ladybenko/status/779414936388853760,FALSE,NA,NA,NA,NA
2016-09-26T14:43:37Z,780417546310840300.0,"@ladybenko, es fant√°stico, y no les digas privilegiados que se ofenden! üòë",Twitter for Mac,779416999843729400.0,7155842.0,ladybenko,FALSE,0,1,es,NA,772203134269653e3,RLadiesMAD,7155842,ladybenko,"NA","NA",FALSE,NA,NA,NA,NA
2016-09-26T14:01:28Z,780406938555281400.0,Veo las reuniones de R-Ladies por el mundo y me da mucha envidia! Nosotras tendremos que esperar hasta el 24! https://t.co/zVBseOLAXk,Twitter for Mac,NA,NA,NA,FALSE,0,1,es,NA,772203134269653e3,RLadiesMAD,"NA","NA","NA","NA",FALSE,NA,NA,NA,NA
2016-09-26T13:55:20Z,780405396414562300.0,RT @RWomenTaskforce: Launch of #Rladies Istanbul - 1pm Sat 1st October @BrokoliLabs  https://t.co/DoL7HhXG55 #WomenInTech #Rstats,Twitter for Mac,NA,NA,NA,FALSE,12,0,en,NA,772203134269653e3,RLadiesMAD,"717312300529618945,1922671358","RWomenTaskforce,BrokoliLabs","Rladies,WomenInTech,Rstats",https://www.meetup.com/R-Ladies-Istanbul/events/233948651/,TRUE,780401568965210112,NA,NA,NA
2016-09-25T17:43:29Z,780100423113998300.0,"RT @PlanetarioMad: Hoy es el #equilux, donde d√≠a y noche duran 12h en pr√°cticamente toda Espa√±a.
 https://t.co/QP7ECsjEuc via @crballesteros",Twitter for Mac,NA,NA,NA,FALSE,46,0,es,NA,772203134269653e3,RLadiesMAD,"508797432,427643966","PlanetarioMad,crballesteros",equilux,"NA",TRUE,780067104737353728,NA,NA,NA
2016-09-25T17:42:19Z,780100130607403e3,"RT @TEDTalks: ""Stereotypes are holding women back from leadership roles all over the world."" A Q&amp;A with Sheryl Sandberg: https://t.co/vsjZO‚Ä¶",Twitter for Mac,NA,NA,NA,FALSE,343,0,en,NA,772203134269653e3,RLadiesMAD,15492359,TEDTalks,"NA","NA",TRUE,780097490834059265,NA,NA,NA
2016-09-25T13:37:19Z,780038474741248e3,Sunny day for the R-Ladies London birthday! Have fun and dRRRink! https://t.co/iLRsH6N1Yq,Twitter for Android,NA,NA,NA,TRUE,0,1,en,780031781626056700.0,772203134269653e3,RLadiesMAD,"NA","NA","NA",https://twitter.com/RLadiesLondon/status/780031781626056704,FALSE,NA,NA,NA,NA
2016-09-24T17:52:51Z,7797403943011e5,"RT @jesstemporal: @RWomenTaskforce @RLadiesGlobal hi guys, I'm looking for some open source R projects to contribute to, know any? :)",Twitter for Mac,NA,NA,NA,FALSE,3,0,en,NA,772203134269653e3,RLadiesMAD,"53907669,717312300529618945,770490229769789440","jesstemporal,RWomenTaskforce,RLadiesGlobal","NA","NA",TRUE,779523210853355520,NA,NA,NA
2016-09-24T17:03:13Z,779727904263508e3,Aqu√≠ est√°!!! https://t.co/dvcG69p8bD y la genial @AnalyticsPanda es la primera que aparece!! Estamos muy contentas en @RLadiesGlobal !!,Twitter for Mac,NA,NA,NA,FALSE,4,2,es,NA,772203134269653e3,RLadiesMAD,"4002309269,770490229769789440","AnalyticsPanda,RLadiesGlobal","NA",https://rladies.org/speakers/,FALSE,NA,NA,NA,NA
2016-09-24T17:02:16Z,779727664886190100.0,Here it is!!! https://t.co/dvcG69p8bD and our lovely @AnalyticsPanda is the first to show!!! So excited for @RLadiesGlobal!!!,Twitter for Mac,NA,NA,NA,FALSE,3,4,en,NA,772203134269653e3,RLadiesMAD,"4002309269,770490229769789440","AnalyticsPanda,RLadiesGlobal","NA",https://rladies.org/speakers/,FALSE,NA,NA,NA,NA
2016-09-24T16:24:57Z,779718272929394700.0,"Vamos a publicar una lista de mujeres ponentes de R en nuestra p√°gina, si te interesa aparecer mandanos info sobre ti y un contacto!",Twitter for Mac,NA,NA,NA,FALSE,2,2,es,NA,772203134269653e3,RLadiesMAD,"NA","NA","NA","NA",FALSE,NA,NA,NA,NA
2016-09-24T16:23:22Z,779717875229687800.0,"So please, if you are an R-Speaker, send a bit of info and a contact address to include you in the list!",Twitter for Mac,779717655234240500.0,772203134269653e3,RLadiesMAD,FALSE,1,0,en,NA,772203134269653e3,RLadiesMAD,"NA","NA","NA","NA",FALSE,NA,NA,NA,NA
2016-09-24T16:22:30Z,779717655234240500.0,R-Ladies is listing female speakers from all over the world! There‚Äôs no excuse for the lack of women speakers in conferences!,Twitter for Mac,NA,NA,NA,FALSE,4,2,en,NA,772203134269653e3,RLadiesMAD,"NA","NA","NA","NA",FALSE,NA,NA,NA,NA
2016-09-23T17:04:35Z,779365861417160700.0,Very interesting! :D https://t.co/UR3GmbOfiv,Twitter for Mac,NA,NA,NA,TRUE,0,0,en,779363380960165900.0,772203134269653e3,RLadiesMAD,"NA","NA","NA",https://twitter.com/rladiessf/status/779363380960165892,FALSE,NA,NA,NA,NA
2016-09-22T15:57:53Z,778986685682122800.0,"RT @ladybenko: Almost 180 talks, I could only count 4 women speaking üëèüíÉüëè https://t.co/gRnS6R0lub",Twitter for Android,NA,NA,NA,FALSE,40,0,en,NA,772203134269653e3,RLadiesMAD,7155842,ladybenko,"NA",http://2016.codemotion.es/agenda.html#5732408326356992,TRUE,778985223820369920,NA,NA,NA
2016-09-21T15:38:10Z,778619335808016400.0,"Trabajar con R, en Barcelona y con @ma_salmon de compa√±era! Yo no me lo pensaba dos veces! https://t.co/3VqdU2ts9b",Twitter for Android,NA,NA,NA,TRUE,3,3,es,778584687992266800.0,772203134269653e3,RLadiesMAD,2865404679,ma_salmon,"NA",https://twitter.com/ma_salmon/status/778584687992266752,FALSE,NA,NA,NA,NA
2016-09-21T15:31:20Z,778617618811019300.0,@ma_salmon I'll ask! Great opportunity and Barcelona is beautiful üòç,Twitter for Android,778585788825145300.0,2865404679.0,ma_salmon,FALSE,0,1,en,NA,772203134269653e3,RLadiesMAD,2865404679,ma_salmon,"NA","NA",FALSE,NA,NA,NA,NA
2016-09-20T19:40:57Z,778318045815181300.0,RT @RWomenTaskforce: The Life Cycle of Programming Languages: how (lack of) diversity comes about https://t.co/Lb1sl7Uvsi #rstats ht @gshot‚Ä¶,Twitter for Android,NA,NA,NA,FALSE,5,0,en,NA,772203134269653e3,RLadiesMAD,717312300529618945,RWomenTaskforce,rstats,https://modelviewculture.com/pieces/the-life-cycle-of-programming-languages,TRUE,778316353698566144,NA,NA,NA
2016-09-19T18:00:39Z,777930416095367200.0,"RT @saltsea: ""Men get hired on potential, women get hired on proof"" - @cindygallop #FutureFest16 #diversity https://t.co/YAsm5exY0K",Twitter Web Client,NA,NA,NA,FALSE,73,0,en,NA,772203134269653e3,RLadiesMAD,"27859298,8622212","saltsea,cindygallop","FutureFest16,diversity","NA",TRUE,777533152810168320,NA,NA,NA
2016-09-19T09:02:50Z,777795069873094700.0,Per Borgen describes his first week with ml and the result is very helpful for beginners! https://t.co/IZEgxF9wIq,Twitter Web Client,NA,NA,NA,FALSE,0,0,en,NA,772203134269653e3,RLadiesMAD,"NA","NA","NA",https://medium.com/learning-new-stuff/machine-learning-in-a-week-a0da25d59850#.1qml8tyal,FALSE,NA,NA,NA,NA
2016-09-18T19:12:55Z,777586217428906e3,https://t.co/yqCWBfQkhD https://t.co/WtGQxegK5l,Twitter Web Client,NA,NA,NA,TRUE,0,1,und,777580206768947200.0,772203134269653e3,RLadiesMAD,"NA","NA","NA",https://twitter.com/littleBits/status/777580206768947201,FALSE,NA,NA,NA,NA
2016-09-15T09:48:16Z,776356952590999600.0,No os olvid√©is que el 24/10 tenemos nuestro primer #RLadiesMAD en @CampusMadrid y ya estamos pensando en el segundo  https://t.co/efHDelrsfn,Twitter Web Client,NA,NA,NA,FALSE,1,1,es,NA,772203134269653e3,RLadiesMAD,2542067612,CampusMadrid,RLadiesMAD,https://www.meetup.com/es-ES/rladies-mad/events/233829731/,FALSE,NA,NA,NA,NA
2016-09-14T12:52:32Z,776040937826943e3,WOW! GREAT work! Qu√© ganas de hacer alg√∫n taller en Madrid tambi√©n!! https://t.co/0LwN3CIzkZ,Twitter Web Client,NA,NA,NA,TRUE,0,3,es,775998298478043100.0,772203134269653e3,RLadiesMAD,"NA","NA","NA",https://twitter.com/RLadiesLondon/status/775998298478043136,FALSE,NA,NA,NA,NA
2016-09-14T12:51:22Z,776040644582178800.0,RT @claudiaguirao: Those cheatsheets and stickers üòçüòçüòçüòç https://t.co/SXvixA0oUZ,Twitter Web Client,NA,NA,NA,TRUE,2,0,en,776013481762025500.0,772203134269653e3,RLadiesMAD,179445971,claudiaguirao,"NA",https://twitter.com/earlconf/status/776013481762025472,TRUE,776035996655874048,NA,NA,NA
2016-09-13T22:08:31Z,775818470135136300.0,RT @stephaniehicks: Science Ambassador Scholarship 2017 now open! = full ride for 1 undergd woman #STEM major https://t.co/b0wPwJqYlN I'm a‚Ä¶,Twitter for Android,NA,NA,NA,FALSE,34,0,en,NA,772203134269653e3,RLadiesMAD,25819761,stephaniehicks,STEM,http://scienceambassadorscholarship.org/,TRUE,775802073212420096,NA,NA,NA
2016-09-13T20:44:50Z,775797408676675600.0,RT @jasdumas: My 2nd #rstats üì¶ is now on CRAN! shinyLP: Bootstrap Landing Home Pages for Shiny Apps https://t.co/NaWdoVxm6w https://t.co/Nw‚Ä¶,Twitter for Android,NA,NA,NA,FALSE,9,0,en,NA,772203134269653e3,RLadiesMAD,1728313302,jasdumas,rstats,https://CRAN.R-project.org/package=shinyLP,TRUE,775786879648145408,NA,NA,NA
2016-09-13T18:57:57Z,775770509963321300.0,Si est√°is interesadas en impartir un taller o dar una charla en una reuni√≥n de #RLadiesMAD decidnoslo por aqu√≠ o en bea[at]rladies[dot]org !,Twitter Web Client,NA,NA,NA,FALSE,2,0,es,NA,772203134269653e3,RLadiesMAD,"NA","NA",RLadiesMAD,"NA",FALSE,NA,NA,NA,NA
2016-09-13T18:31:06Z,775763755300970500.0,RT @mattdray: Only 18% of unique speakers/panel members at #EARL2016 London are female https://t.co/l6mdiDLosr @earlconf #rstats https://t.‚Ä¶,Twitter Web Client,NA,NA,NA,FALSE,9,0,en,NA,772203134269653e3,RLadiesMAD,"78459415,2330710330","mattdray,earlconf","EARL2016,rstats",https://earlconf.com/London/speakers,TRUE,775635825304465408,NA,NA,NA
2016-09-13T14:38:47Z,775705290939502600.0,"RT @davidmeza1: College stdts interested in internship @ NASA, start Jan-17, DM me for info. Deadline 9/16. Need eng, CS, SE, Acct &amp; Bus @R‚Ä¶",Twitter Web Client,NA,NA,NA,FALSE,3,0,en,NA,772203134269653e3,RLadiesMAD,26155124,davidmeza1,"NA","NA",TRUE,775691214318342144,NA,NA,NA
2016-09-13T10:47:53Z,775647180665348100.0,RT @RLadiesLondon: 6 Keynotes at #EARL2016 London this wk - do you feel an All-Male lineup proportionately represents Women in #rstats? htt‚Ä¶,Twitter Web Client,NA,NA,NA,FALSE,15,0,en,NA,772203134269653e3,RLadiesMAD,722588617231769601,RLadiesLondon,"EARL2016,rstats","NA",TRUE,775646522725761024,NA,NA,NA
2016-09-13T06:40:23Z,775584897805193200.0,"RT @winston_chang: Shiny 0.14 is now available on CRAN. Lots of great stuff, including support for bookmarkable state! #rstats https://t.co‚Ä¶",Twitter Web Client,NA,NA,NA,FALSE,42,0,en,NA,772203134269653e3,RLadiesMAD,1098742782,winston_chang,rstats,"NA",TRUE,775367080732307456,NA,NA,NA
2016-09-13T06:39:59Z,775584796940595200.0,RT @RWomenTaskforce: Women Are Almost Half of Carnegie Mellon's Incoming Computer Science Undergraduates https://t.co/tHY5S8pldg #womeninte‚Ä¶,Twitter Web Client,NA,NA,NA,FALSE,3,0,en,NA,772203134269653e3,RLadiesMAD,717312300529618945,RWomenTaskforce,"NA",https://www.cs.cmu.edu/news/women-are-almost-half-carnegie-mellon-incoming-computer-science-undergraduates,TRUE,775462897279463425,NA,NA,NA
2016-09-12T21:22:12Z,775444425401139200.0,RT @kaggle: How do you stack up against the competition? Learn model stacking in this excellent tutorial https://t.co/xDf0Bz9TBb https://t.‚Ä¶,Twitter for Android,NA,NA,NA,FALSE,33,0,en,NA,772203134269653e3,RLadiesMAD,80422885,kaggle,"NA",https://www.kaggle.com/jimthompson/house-prices-advanced-regression-techniques/ensemble-model-stacked-model-example/notebook,TRUE,775435186876125186,NA,NA,NA
2016-09-12T15:55:02Z,775362090722791400.0,Ya tenemos pol√≠ticas y c√≥digo de conducta para #RLadiesMAD https://t.co/YE9s9YZPF7 ¬°Prepar√°ndonos para el primer meet-up!,Twitter Web Client,NA,NA,NA,FALSE,1,2,es,NA,772203134269653e3,RLadiesMAD,"NA","NA",RLadiesMAD,https://www.meetup.com/es-ES/rladies-mad/,FALSE,NA,NA,NA,NA
2016-09-11T18:06:37Z,775032814341394400.0,Y un tablero de trello con montones de recursos de Data Science! https://t.co/GyFRCPZjoD,Twitter Web Client,NA,NA,NA,FALSE,0,0,es,NA,772203134269653e3,RLadiesMAD,"NA","NA","NA",https://trello.com/b/rbpEfMld/data-science,FALSE,NA,NA,NA,NA
2016-09-11T18:05:57Z,775032648817381400.0,Aqu√≠ os dejo una lista de recursos de Data Science https://t.co/otR6wiIhOm,Twitter Web Client,NA,NA,NA,FALSE,0,0,es,NA,772203134269653e3,RLadiesMAD,"NA","NA","NA",https://github.com/jonathan-bower/DataScienceResources,FALSE,NA,NA,NA,NA
2016-09-11T14:32:39Z,774978969418555400.0,RT @ma_salmon: The #rstats @rOpenSci pkg for using @monkeylearn ML text analysis üìñüì∞ modules is on CRAN now üêí https://t.co/cR9tzvwhuX üêµ,Twitter for Android,NA,NA,NA,FALSE,12,0,en,NA,772203134269653e3,RLadiesMAD,"2865404679,342250615,2182812798","ma_salmon,rOpenSci,monkeylearn",rstats,https://cran.r-project.org/web/packages/monkeylearn/index.html,TRUE,774860114796900352,NA,NA,NA
2016-09-10T21:27:09Z,7.7472089632188006e+017,R Consortium ha financiado tres proyectos en julio https://t.co/3MPTblTr8q y R-Ladies es uno de ellos. ¬°√önete a nosotras!,Twitter Web Client,NA,NA,NA,FALSE,1,0,es,NA,772203134269653e3,RLadiesMAD,"NA","NA","NA",http://j.mp/2bdg6on,FALSE,NA,NA,NA,NA
2016-09-09T20:46:17Z,774348223695745e3,Mirando los mapas del #Brexit por @jakeybob https://t.co/nT68iBtRn1,Twitter Web Client,NA,NA,NA,FALSE,0,1,es,NA,772203134269653e3,RLadiesMAD,14297622,jakeybob,Brexit,https://medium.com/@jakeybob/brexit-maps-d70caab7315e#.ciw8r7sgp,FALSE,NA,NA,NA,NA
2016-09-07T20:06:08Z,773613343626108900.0,RT @etsinfupv: Recuerda que puedes seguir #CVOpenData por streaming https://t.co/6OqoA8MiuP,Twitter Web Client,NA,NA,NA,FALSE,2,0,es,NA,772203134269653e3,RLadiesMAD,57603150,etsinfupv,CVOpenData,http://www.ctranspa.webs.upv.es/es/noticias/streaming-charlas-curso-verano-transparencia-upv/,TRUE,773565461078372352,NA,NA,NA
2016-09-07T20:05:32Z,773613189938438100.0,RT @diegoalsan: Base de datos #PanamaPapers https://t.co/azSPu5xDLm #CVOpenData,Twitter Web Client,NA,NA,NA,FALSE,6,0,es,NA,772203134269653e3,RLadiesMAD,14459973,diegoalsan,"PanamaPapers,CVOpenData",https://offshoreleaks.icij.org/,TRUE,773552065670967296,NA,NA,NA
2016-09-07T15:47:51Z,773548344383856600.0,Awesome Girls in Istanbul organizing R-Ladies!!! https://t.co/C7EjTeWO6c,Twitter for Android,NA,NA,NA,TRUE,3,1,en,773501240726712300.0,772203134269653e3,RLadiesMAD,"NA","NA","NA",https://twitter.com/RLadiesGlobal/status/773501240726712320,FALSE,NA,NA,NA,NA
2016-09-06T16:41:12Z,773199380874690600.0,RT @CampusMadrid: @RLadiesMAD Un placer acogeros en Campus. ¬°Nos vemos en Octubre!,Twitter Web Client,NA,NA,NA,FALSE,1,0,es,NA,772203134269653e3,RLadiesMAD,"2542067612,772203134269652992","CampusMadrid,RLadiesMAD","NA","NA",TRUE,773195856480722944,NA,NA,NA
2016-09-06T16:22:06Z,773194573371871200.0,"RT @RLadiesGlobal: There's nothing listed for #rstats... R community, can we help Women Who Code fill in some resources for learning R? htt‚Ä¶",Twitter Web Client,NA,NA,NA,TRUE,1,0,en,773193008061833200.0,772203134269653e3,RLadiesMAD,770490229769789440,RLadiesGlobal,rstats,"NA",TRUE,773193869269700609,NA,NA,NA
2016-09-06T16:21:28Z,773194417259896800.0,AVISO MUY IMPORTANTE: Cambiamos la fecha/hora del evento de #RLadiesMAD al 24 de octubre a las 19:30!! https://t.co/efHDelrsfn,Twitter Web Client,NA,NA,NA,FALSE,5,1,es,NA,772203134269653e3,RLadiesMAD,"NA","NA",RLadiesMAD,https://www.meetup.com/es-ES/rladies-mad/events/233829731/,FALSE,NA,NA,NA,NA
2016-09-06T16:00:46Z,773189205824503800.0,Confirmado el sitio para el primer evento de R-Ladies!!! Gracias @CampusMadrid !!! https://t.co/a9XaT0ap08,Twitter Web Client,NA,NA,NA,FALSE,0,2,es,NA,772203134269653e3,RLadiesMAD,2542067612,CampusMadrid,"NA","NA",FALSE,NA,NA,NA,NA
2016-09-06T14:13:15Z,773162149409656800.0,#shinyapp for beginners! Nice workshop next week in #RLadiesLondon event! https://t.co/gUsHuPtAlA,Twitter Web Client,NA,NA,NA,TRUE,0,1,en,77316120472653e4,772203134269653e3,RLadiesMAD,"NA","NA","shinyapp,RLadiesLondon",https://twitter.com/RLadiesLondon/status/773161204726530048,FALSE,NA,NA,NA,NA
2016-09-06T07:45:09Z,773064481148657700.0,#RLadiesMadrid est√° creciendo!! No olvid√©is de nuestra reuni√≥n de octubre!! https://t.co/YE9s9YZPF7,Twitter Web Client,NA,NA,NA,FALSE,0,0,es,NA,772203134269653e3,RLadiesMAD,"NA","NA",RLadiesMadrid,https://www.meetup.com/es-ES/rladies-mad/,FALSE,NA,NA,NA,NA
2016-09-06T07:39:52Z,773063151290056700.0,https://t.co/0FKmwJfct7 acaba de abrir!!! Muy muy contentas de que la comunidad est√© creciendo tanto!!,Twitter Web Client,NA,NA,NA,FALSE,0,0,es,NA,772203134269653e3,RLadiesMAD,"NA","NA","NA",https://rladies.org,FALSE,NA,NA,NA,NA
2016-09-06T05:24:45Z,773029148671508500.0,RT @RLadiesLondon: .@RConsortium @linuxfoundation FUNDS @RLadiesLondon @RLadiesSF!! Retweet ur support! #rstats https://t.co/poS8oZuomU htt‚Ä¶,Twitter for Android,NA,NA,NA,FALSE,54,0,en,NA,772203134269653e3,RLadiesMAD,"722588617231769601,3318844765,14706299,722588617231769601,881530736","RLadiesLondon,RConsortium,linuxfoundation,RLadiesLondon,RLadiesSF",rstats,http://j.mp/2bdg6on,TRUE,770580641574428672,NA,NA,NA
2016-09-06T05:24:15Z,773029020577501200.0,RT @RLadiesLA: Presenting our new meetup group üéâüíÉüèªüíÉüèªüéâ https://t.co/BvZ2VllQw1,Twitter for Android,NA,NA,NA,FALSE,4,0,en,NA,772203134269653e3,RLadiesMAD,770377177296543745,RLadiesLA,"NA",http://www.meetup.com/rladies-la,TRUE,772914097713061888,NA,NA,NA
2016-09-05T18:06:53Z,772858555892375600.0,stacksurveyr: An R package with the Sack Overflow 2016 Developer Survey Results https://t.co/VLWp7AjcqP,Twitter Web Client,NA,NA,NA,FALSE,0,0,en,NA,772203134269653e3,RLadiesMAD,"NA","NA","NA",http://varianceexplained.org/r/stacksurveyr/,FALSE,NA,NA,NA,NA
2016-09-05T17:37:08Z,772851070037090300.0,Para crear paletas de color para visualizaciones: https://t.co/iSYusRxNHm https://t.co/sV5vjZ5adU,Twitter Web Client,NA,NA,NA,FALSE,0,0,es,NA,772203134269653e3,RLadiesMAD,"NA","NA","NA",http://vrl.cs.brown.edu/color,FALSE,NA,NA,NA,NA
2016-09-05T12:45:12Z,772777603920957400.0,@javisantana gracias! Estamos barajando las posibilidades pero sin duda lo tendremos en cuenta! https://t.co/6qmwysszcZ,Twitter Web Client,772776041882513400.0,15702706.0,javisantana,FALSE,0,0,es,NA,772203134269653e3,RLadiesMAD,15702706,javisantana,"NA","NA",FALSE,NA,NA,NA,NA
2016-09-05T12:38:44Z,772775975176249300.0,WOW!!! Y los que quedan!!! https://t.co/6RGeIMuOyJ,Twitter Web Client,NA,NA,NA,TRUE,0,0,es,772756823141183500.0,772203134269653e3,RLadiesMAD,"NA","NA","NA",https://twitter.com/RLadiesGlobal/status/772756823141183488,FALSE,NA,NA,NA,NA
2016-09-05T12:38:09Z,772775829596205e3,WOW!! And more to come! https://t.co/6RGeIMuOyJ,Twitter Web Client,NA,NA,NA,TRUE,0,0,en,772756823141183500.0,772203134269653e3,RLadiesMAD,"NA","NA","NA",https://twitter.com/RLadiesGlobal/status/772756823141183488,FALSE,NA,NA,NA,NA
2016-09-05T12:27:09Z,772773060168544300.0,@javisantana si te interesa mucho vente como invitado de alguna R-Lady ;),Twitter Web Client,772770107185631200.0,15702706.0,javisantana,FALSE,0,0,es,NA,772203134269653e3,RLadiesMAD,15702706,javisantana,"NA","NA",FALSE,NA,NA,NA,NA
2016-09-04T19:43:51Z,772520572249137200.0,"RT @rougeux: Vivaldi's Four Seasons.
Read clockwise.
Size = note length
Distance from center = pitch
Colors = instruments.
Fun! https://t.c‚Ä¶",Twitter Web Client,NA,NA,NA,FALSE,531,0,en,NA,772203134269653e3,RLadiesMAD,15771546,rougeux,"NA","NA",TRUE,771131859107471360,NA,NA,NA
2016-09-04T18:32:05Z,772502510791757800.0,"Aqu√≠ est√° nuestro primer evento! 25 de octubre, apuntad el d√≠a! https://t.co/efHDelrsfn",Twitter Web Client,NA,NA,NA,FALSE,9,10,es,NA,772203134269653e3,RLadiesMAD,"NA","NA","NA",https://www.meetup.com/es-ES/rladies-mad/events/233829731/,FALSE,NA,NA,NA,NA
2016-09-04T18:29:33Z,772501872020168700.0,¬°Muy feliz por poder anunciar que R-Ladies Madrid est√° online y a tope! https://t.co/SQ6lYiltz2,Twitter Web Client,NA,NA,NA,FALSE,6,14,es,NA,772203134269653e3,RLadiesMAD,"NA","NA","NA","NA",FALSE,NA,NA,NA,NA
